{"topic":0,"singular_value":13650.26994758964,"terms":["align","right","style","text","color","center","width","background","left","blue","red","green","colspan","none","rowspan","px","border","scope","season","silver"],"weights":[-0.7379534433806266,-0.49170621117830526,-0.3046080174103052,-0.3020611044925741,-0.10784022803794094,-0.04840869939730186,-0.04339617710878067,-0.04327038101766785,-0.032847496693486536,-0.030641673511271214,-0.02432547480676766,-0.024218180487524953,-0.018623896658650572,-0.016722644792205563,-0.016258972735211416,-0.01544847390122934,-0.014428989257792065,-0.014395062566889771,-0.011529400828068359,-0.010465184604086776]}
{"topic":1,"singular_value":8749.389564652074,"terms":["ndash","died","born","politician","player","american","english","actor","singer","actress","author","german","songwriter","french","battle","australian","canadian","war","academic","composer"],"weights":[-0.9271746921113937,-0.15966839717784592,-0.14006180392075335,-0.09040712676317544,-0.06731661204636125,-0.0631919227317879,-0.05587052437740957,-0.05494261282282876,-0.05346394345719788,-0.04628557601978782,-0.04300264049780196,-0.04240866719481055,-0.04222992403499273,-0.04161246014620551,-0.04046785269661597,-0.03658520950831198,-0.03530654702210674,-0.03202916514158324,-0.03111934959261029,-0.031075198481571246]}
{"topic":2,"singular_value":6418.832166806703,"terms":["battle","ndash","rowspan","right","war","style","background","align","center","victory","new","season","soviet","nbsp","british","city","forces","army","world","defeats"],"weights":[0.20645854141745912,-0.20137321804803832,0.19072501694516605,-0.1438726689113861,0.12388058933555508,0.12333283353545926,0.09826033940188794,-0.09546097294094336,0.08489491310511903,0.0750181890934001,0.07365488465542773,0.07277948923168645,0.07271011393874212,0.0708699857753177,0.06951654074275446,0.06897411671830621,0.06784373101894936,0.06773211527383796,0.06731851747008917,0.06713577017378872]}
{"topic":3,"singular_value":5046.033183612883,"terms":["style","text","battle","right","rowspan","align","background","defeats","color","victory","war","none","defeat","ottoman","siege","forces","silver","magic","army","center"],"weights":[-0.49394015571216837,-0.41435692658013074,0.370227855103306,0.2644670125698702,0.25538022913735803,0.2383673125109947,-0.19474473923893748,0.13695039679935223,-0.11544554991582762,0.11350779727633338,0.11116172586026259,-0.10862103057141292,0.09828256443451147,0.08318172161600912,0.0755628498572197,0.07555039971364425,-0.07508006167898,-0.07325084094976769,0.0595131397391567,-0.05748183780935845]}
{"topic":4,"singular_value":4788.113411776122,"terms":["battle","rowspan","style","text","defeats","align","right","victory","defeat","ottoman","background","siege","war","none","forces","color","capture","operation","wars","new"],"weights":[0.4567757156832984,0.3809240364542979,0.33785415512217,0.3142515530875247,0.17763806487375258,-0.16015711473135297,-0.1504376049881332,0.14180495621696115,0.12082850859670272,0.10051867440246025,0.1003452903750772,0.09418659550864678,0.08602887385588788,0.07334623188482742,0.06815081941072959,0.06812570960285932,0.060744399950513533,0.052273691130632585,0.04938372260495483,-0.04344332324359904]}
{"topic":5,"singular_value":3626.9944382680906,"terms":["text","center","season","align","right","team","background","rowspan","india","game","games","relations","league","club","players","scope","football","colspan","coach","soviet"],"weights":[0.3040473040952286,-0.3029907099076991,-0.26737313836665033,-0.24853744053627605,0.2287075288920431,-0.18056840739345023,-0.18013346495055066,-0.1641437389742239,0.15275408214933597,-0.14539907171983177,-0.14179351563340017,0.10477551550378077,-0.1042490267180502,-0.10267247358564399,-0.08842517862035937,-0.0877962793375653,-0.08298790718205837,-0.08224062342185447,-0.08037724861093509,0.07684546685174881]}
{"topic":6,"singular_value":3316.8862361182187,"terms":["background","text","color","magic","silver","right","border","none","solid","champion","square","margin","season","auto","center","width","layout","ranked","ffffe","team"],"weights":[-0.4456777119073579,0.4448283434024728,-0.34912483211349776,-0.31245024925928205,-0.30278327307019853,-0.17905572457952595,-0.17750214615249543,-0.15825827580852933,-0.1305290565299426,0.11540729457869259,-0.11133995358437182,-0.10273532286232742,0.09342080756092441,-0.08630600783285661,0.08502577284766627,-0.07172574027143719,-0.06929586334230932,0.0614027289958243,-0.06015729918017654,0.05893596584766156]}
{"topic":7,"singular_value":3299.8608761365367,"terms":["champion","ranked","championships","open","australian","world","women","french","mixed","olympic","australia","silver","us","color","india","background","film","center","magic","text"],"weights":[0.7036515906869028,0.36846185572546597,0.2869788344536916,0.2368367456166865,0.21638396959166997,0.19197901171973392,0.14788329201293293,0.14496145637133429,0.10041042921220168,0.07448972254722924,0.07403323734658615,0.061672424412933774,0.06160816288914867,0.055061696137478744,0.05369197420178508,0.051054282905688475,-0.043649658506401734,-0.043053668123454514,0.041496401480014156,-0.041173707785838065]}
{"topic":8,"singular_value":3128.2019130970716,"terms":["india","right","center","align","relations","film","color","diplomatic","none","windows","album","party","magic","films","countries","music","champion","iran","soviet","finland"],"weights":[-0.2879817739206781,0.28592617944835397,-0.2771205135600707,-0.2094603859040863,-0.19888516011449453,0.14901829819673953,0.1323732685663124,-0.11249620287527679,-0.11209555672026968,0.10908258923495194,0.10774217370246762,-0.10189111849260926,0.09665224226246202,0.0964676725195892,-0.09589685117137786,0.09448767950279348,0.09115923646866787,-0.08954996351737025,-0.08755814008445864,-0.08073609384219103]}
{"topic":9,"singular_value":2963.5806299650594,"terms":["none","width","background","border","left","color","jersey","ffffe","city","windows","county","right","align","park","school","india","solid","district","township","nh"],"weights":[-0.7425579706128214,-0.21886578447392976,0.2025371657470607,-0.1846363364367206,-0.1529230496923986,0.12259055729001622,0.12095367195431199,0.11420936251919711,0.11046502950542203,-0.10457319390389289,0.09271877595263675,0.09156429083206596,-0.08816261172767062,0.0627675876882215,0.06122281397256002,-0.054446834975206845,-0.0490568509175804,0.04811896990394253,0.04770602555569925,0.04707413335422451]}
{"topic":10,"singular_value":2923.5442332678203,"terms":["season","india","none","team","game","relations","games","right","center","align","color","diplomatic","magic","players","league","city","county","nuclear","jersey","countries"],"weights":[0.30839639819685855,0.29932193391645096,-0.2355972574952654,0.20755090757844952,0.20641630970487354,0.1907917418313906,0.1754282792949444,0.17220600992958832,-0.1718361103533071,-0.12918757386424984,0.11607687795785276,0.10830784796207797,0.10722468229296186,0.10678086324950906,0.10557458232725042,-0.10289640544251359,-0.09772784369341728,0.096328805578644,-0.09296750899703224,0.09022086676547116]}
{"topic":11,"singular_value":2712.0061820208803,"terms":["film","india","none","films","center","right","season","rowspan","album","team","relations","background","game","align","award","games","music","windows","best","band"],"weights":[-0.27855427564139923,-0.24892788514192143,0.2032548581965901,-0.1934229246697104,-0.19267141757599698,0.18231528400620994,0.17215531045391358,-0.1638196157634496,-0.1564799162455314,0.14890366165525815,-0.13815020817657572,-0.13708571848583367,0.12979342171291453,-0.11859149162675464,-0.11449976534045544,0.11357918962641034,-0.11224500881099811,0.10666058229603247,-0.1009880631556684,-0.0983571040969159]}
{"topic":12,"singular_value":2692.085674215626,